{
  "name": "LogIN",
  "base": "PersistedModel",
  "idInjection": true,
  "options": {
    "validateUpsert": true
  },
  "properties": {
    "name": {
      "type": "string",
      "required": true
    },
    "city": {
      "type": "string"
    }
  },
  "validations": [],
  "relations": {
    "reviewers": {
      "type": "hasMany",
      "model": "Reviewer",
      "foreignKey": ""
    },
    "reviews": {
      "type": "hasMany",
      "model": "Review",
      "foreignKey": ""
    }
  },
  "acls": [],
  "methods": {}
}
