{
  "name": "Review",
  "base": "PersistedModel",
  "idInjection": true,
  "forceId": false,
  "options": {
    "validateUpsert": true
  },
  "properties": {
    "date": {
      "type": "date",
      "required": true
    },
    "rating": {
      "type": "number"
    },
    "comments": {
      "type": "string",
      "required": true
    }
  },
  "validations": [],
  "relations": {
    "LogIN": {
      "type": "belongsTo",
      "model": "LogIN",
      "foreignKey": ""
    },
    "reviewer": {
      "type": "belongsTo",
      "model": "Reviewer",
      "foreignKey": "publisherId"
    }
  },
  "acls": [
    {
      "accessType": "*",
      "principalType": "ROLE",
      "principalId": "$everyone",
      "permission": "DENY"
    },
    {
      "accessType": "EXECUTE",
      "principalType": "ROLE",
      "principalId": "$authenticated",
      "permission": "ALLOW",
      "property": "create"
    },
    {
      "accessType": "READ",
      "principalType": "ROLE",
      "principalId": "$everyone",
      "permission": "ALLOW"
    },
    {
      "accessType": "WRITE",
      "principalType": "ROLE",
      "principalId": "$owner",
      "permission": "ALLOW"
    }
  ],
  "methods": {}
}
